name,location,price,capacity,rating,reviews,description
Terminus 330,"Atlanta, Georgia","$23,000",151-200 Guests,4.9,17,"An award-winning venue located in the heart of the Centennial Park District in downtown Atlanta, offering outdoor event space."
Journeyman's Hall,"Atlanta, GA","$2,000",151-200 Guests,5,4,A wedding venue in South Downtown Atlanta offering custom wedding experiences led by Chef Vincent Marra.
Wahoo! Grill,"Decatur, GA","$3,000",201-250 Guests,5,104,A full-service venue offering outdoor event space and outstanding staff for weddings and events.
Park Tavern: The Piedmont Room & Piedmont Garden Tent,Georgia,"$7,000",251-300 Guests,4.7,133,"A venue overlooking Piedmont Park, offering both indoor and outdoor spaces with seasonal colors."
Monday Night Brewing: The Garage,Metro Atlanta,"$3,500",300+ Guests,4.9,14,"A charming private event space with high ceilings and natural light, perfect for large gatherings."
Emory Conference Center Hotel,"Atlanta, GA","$12,100",300+ Guests,4.8,41,"An elegant venue with outdoor event space, close to Hartsfield International Airport."
Factory Atlanta,"Atlanta, GA","$5,850",300+ Guests,5,6,An industrial-chic venue perfect for creative couples looking for a unique wedding space.
The Kimpton Shane,"Atlanta, GA","$7,500",51-100 Guests,0,0,A boutique hotel with stunning architecture and stylish furnishings for intimate weddings.
FORTH Hotel Atlanta,Georgia,"$25,000",151-200 Guests,0,0,"A luxury venue in the Old Fourth Ward neighborhood, voted one of the best new hotels in the world."
Atlanta Botanical Garden,"Atlanta, GA",Not Available,151-200 Guests,4.7,21,"An urban oasis with lush lawns and tropical foliage, perfect for indoor/outdoor weddings."
The Westside Warehouse,"Atlanta, GA","$3,750",151-200 Guests,5,37,A converted warehouse in west-midtown with soaring ceilings and outdoor space.
Swan Coach House,"Atlanta, GA","$2,000",101-150 Guests,5,7,An elegant historic venue in the residential heart of Buckhead.
Historic DeKalb Courthouse,"Decatur, GA",$450,101-150 Guests,4.8,93,A premier wedding venue with an elegant courtroom and marble features.
Waldorf Astoria Atlanta Buckhead,"Atlanta, GA","$12,000",51-100 Guests,4.9,7,A luxurious venue combining Southern charm with prestigious neighborhood surroundings.
Grand Hyatt Atlanta in Buckhead,"Atlanta, GA","$12,500",300+ Guests,5,4,A luxurious hotel offering a down-to-earth vibe for wedding celebrations.
Intercontinental Buckhead Atlanta,"Atlanta, GA",$225,300+ Guests,5,8,A hotel combining classic charm with modern luxury for wedding events.
42West Entertainment Group,"Atlanta, GA","$12,000",251-300 Guests,5,6,A venue offering a blend of industrial modernity and refined elegance.
Renaissance Concourse Atlanta Airport Hotel,"Atlanta, GA",Not Available,300+ Guests,0,0,An elegant hotel combining luxury and convenience for wedding events.
Omni Atlanta Hotel at Centennial Park,"Atlanta, GA","$7,100",300+ Guests,5,2,"A hotel located in downtown Atlanta, ideal for wedding banquets and events."
Renaissance Atlanta Midtown Hotel,Midtown Atlanta,Not Available,300+ Guests,5,2,"A hotel located in the arts and music district, perfect for exploring local attractions."
Callanwolde Fine Arts Center,GA,"$8,400",151-200 Guests,4.6,38,"A unique venue with a century-long legacy, offering outdoor event space."
THE TROLLEY BARN,"Atlanta, GA","$3,850",201-250 Guests,4.2,43,A historic structure with hardwood floors and a patio area.
The Wimbish House,"Atlanta, GA",Not Available,201-250 Guests,4.9,85,"A historic Victorian-era home in Midtown, perfect for weddings and events."
Rhodes Hall,"Atlanta, GA",Not Available,101-150 Guests,4.5,21,"A mansion known as the 'Castle on Peachtree,' offering a unique wedding space."
SCAD Ivy Hall,Georgia,"$4,500",101-150 Guests,4.5,4,A historic wedding venue designed by renowned architect Gottfried L. Norrman.
Hotel Colee,"Atlanta, GA",Not Available,251-300 Guests,0,0,An award-winning hotel in the trendy Old Fourth Ward neighborhood.
Epicurean Hotel Atlanta,"Atlanta, GA",Not Available,101-150 Guests,5,3,A luxe venue inspired by modern architecture for dazzling weddings.
Enon Ranch,"Atlanta, GA","$4,500",251-300 Guests,5,2,A rustic event space offering a countryside feel for weddings.
Pristine Chapel Lakeside,"Jonesboro, GA",Not Available,251-300 Guests,4.8,105,A luxe ceremony and reception venue with sweeping views.
Olde Towne Special Events,"Atlanta, GA","$9,950",151-200 Guests,5,67,A full-service events facility with a backdrop of style for weddings.
The Venue at Glover Park Brewery,"Marietta, GA","$4,650",251-300 Guests,,,"An industrial-chic venue with brick walls, vintage art deco chandeliers, and copper cocktail tables."
Roswell Historic Hall,"Roswell, GA","$8,450",300+ Guests,4.6,45,"A romantic wedding venue offering spaces for weddings, graduations, and other events."
Flint Hill,"Norcross, GA",,251-300 Guests,4.8,207,A beautifully restored historic mansion with a covered pavilion and landscaped grounds.
Primrose Cottage,"Roswell, GA",,300+ Guests,4.9,273,An enchanting three-story home in Historic Roswell with a stately front lawn.
The Atrium,"Norcross, GA",,101-150 Guests,4.8,151,A contemporary venue with a mezzanine level overlooking a two-story glass atrium.
Vecoma At The Yellow River,"Snellville, GA","$2,500",251-300 Guests,4.9,202,An all-inclusive wedding venue nestled on 70 acres of forest along the Yellow River.
Kimball Hall,"Roswell, GA","$13,250",151-200 Guests,5,165,A newly renovated venue with indoor and outdoor ceremony sites and a courtyard.
Stanley House Mansion,"Marietta, GA","$2,000",101-150 Guests,4.9,51,A historic mansion with classic Southern charm and landscaped grounds.
Brick and Ivey,"Marietta, GA","$11,500",151-200 Guests,5,104,A modern wedding venue with exposed brick walls and separate event spaces.
Little Gardens,"Lawrenceville, GA",,251-300 Guests,4.9,216,A serene venue with a manor house and lavish green grounds.
Naylor Hall,"Roswell, GA","$11,450",201-250 Guests,5,174,A historic venue with a modern makeover and grand event spaces.
Country Club of Roswell,"Roswell, GA",,201-250 Guests,4.7,23,A versatile venue accommodating both intimate and large-scale celebrations.
Ivy Hall,"Roswell, GA","$18,000",201-250 Guests,4.9,89,A historic venue with natural lighting and outdoor spaces.
Huntcliff River Club,Atlanta Area,,101-150 Guests,4.9,30,A charming venue surrounded by river oaks and near the Chattahoochee River.
Eden Garden House,"Lithonia, GA","$3,000",151-200 Guests,,,A garden house facility with renovated spaces for special events.
The Reserves at Hamilton Homes,"Mableton, GA","$3,000",101-150 Guests,5,1,A venue with sunset views and a sweeping spiral staircase.
The 173 Carlyle House,"Norcross, GA","$9,250",300+ Guests,4.9,113,A turn-of-the-century mansion with manicured grounds.
Roswell Mill Club,"Roswell, GA","$11,000",151-200 Guests,4.8,41,A historic venue with natural lighting and outdoor spaces.
Whitestone Reserve,"Austell, GA","$16,000",101-150 Guests,5,21,A stunning venue with chandeliers and natural lighting.
Chattahoochee Nature Center,"Roswell, GA","$1,300",151-200 Guests,4.9,40,A nature-focused venue surrounded by natural beauty.
Westin Atlanta Airport,"Atlanta, GA",,300+ Guests,4,4,A convenient hotel venue near Hartsfield-Jackson International Airport.
The Foxglove,"Marietta, GA",,300+ Guests,5,3,A characterful venue in Marietta's historic district.
Brumby Hall & Gardens,"Marietta, GA","$1,750",151-200 Guests,4,2,A historic venue with gardens and home to the Marietta Gone with the Wind Museum.
Conservatory at Waterstone,"Acworth, GA","$9,300",201-250 Guests,4.9,102,A historic banquet hall with a dedicated staff for events.
Ashton Gardens Atlanta by Walters Wedding Estates,"Sugar Hill, GA","$4,000",251-300 Guests,4.8,491,A premier wedding venue with a glass chapel and lush landscapes.
The Cotton Gin at Mill Creek,"Hiram, GA","$13,000",151-200 Guests,5,99,An all-inclusive wedding venue with a no-fee guarantee.
The Wildflower Barn at Little River Farms,"Alpharetta, GA","$11,800",101-150 Guests,5,85,A historic barn with distressed white brick walls.
Little River Farms,"Alpharetta, GA",,201-250 Guests,4.9,192,A peaceful retreat with indoor and outdoor event spaces.
Venue 92,"Woodstock, GA","$4,400",151-200 Guests,5,88,A flexible venue accommodating various wedding visions.
SomeTheme Weddings & Events,"Milton, GA","$5,000",51-100 Guests,5,8,A venue with timeless elegance and large windows.
TPC Sugarloaf,"Duluth, GA","Starting at $14,500",201-250 Guests,5,37,"TPC Sugarloaf is a remarkably elegant wedding venue located in Duluth, Georgia, with a charming clubhouse overlooking a championship golf course."
Douglasville Conference Center,"Douglasville, GA",Not specified,300+ Guests,3,1,"Based in Douglasville, GA, the Douglasville Conference Center is a wedding venue with elegant spaces and a downtown location."
Payne Corley House,"Duluth, GA",Not specified,151-200 Guests,5,192,The Payne-Corley House is a restored farmhouse offering a tranquil retreat with picturesque grounds for celebrations.
The Grande At Kennesaw,"Kennesaw, GA",Not specified,201-250 Guests,4.6,8,The Grande At Kennesaw is a charming Victorian-style farmhouse on 2.5 acres of landscaped gardens.
St Ives Country Club,"Johns Creek, GA","Starting at $10,000",201-250 Guests,4.7,14,"St Ives Country Club is a stunning wedding venue with a 45,000 sq ft clubhouse overlooking scenic views."
Breckinridge Banquet Hall,"Duluth, GA","Starting at $4,050",101-150 Guests,4.8,27,Breckinridge Banquet Hall is an upscale venue for intimate to large-scale wedding celebrations.
Atlanta Marriott Alpharetta,"Alpharetta, GA","Starting at $5,000",300+ Guests,5,2,The Atlanta Marriott Alpharetta is a luxurious hotel for sophisticated and memorable wedding events.
Genesis Ballroom,Atlanta Metropolitan Area,"Starting at $5,000",251-300 Guests,0,0,"Genesis Ballroom is an opulent wedding venue blending elegance, contemporary, and industrial styles."
Kite Manor Events & Studio,"Fayetteville, GA","Starting at $1,000",51-100 Guests,0,0,"Kite Manor Events & Studio offers modern indoor and rustic outdoor spaces, including pools."
Governors Towne Club,"Acworth, GA",Not specified,201-250 Guests,4.2,13,Governors Towne Club is an elegant venue with a pristine golf course and sophisticated spaces.
Hilton Alpharetta Atlanta,"Alpharetta, GA","Starting at $10,000",251-300 Guests,5,1,Hilton Alpharetta Atlanta is a full-service hotel with modern amenities for wedding events.
Cherry Hollow Farm,"Chattahoochee Hills, GA",Not specified,151-200 Guests,5,6,"Cherry Hollow Farm is an indoor/outdoor wedding venue with two bars, a stage, and cocktail lounge."
Vines Mansion & Gardens,"Loganville, GA","Starting at $1,200",300+ Guests,4.5,31,Vines Mansion offers an open vendor policy for flexible wedding planning.
Atlanta Cosmopolitan Event Center,"Douglasville, GA",Not specified,Not specified,0,0,Atlanta Cosmopolitan Event Center provides everything needed for a dream wedding.
Carl House,"Auburn, GA","Starting at $6,250",201-250 Guests,4.8,185,Carl House is an elegant historic home with beautiful grounds for wedding celebrations.
The Wheeler House and Barn,"Ball Ground, GA","Starting at $9,750",251-300 Guests,5,121,The Wheeler House is a rustic barn venue with Southern charm for countryside weddings.
Hi-Def Events,"Newnan, GA","Starting at $4,500",251-300 Guests,5,11,Hi-Def Events offers a modern and timeless atmosphere for unique wedding styles.
Bradford House and Gardens,"Flowery Branch, GA","Starting at $10,150",101-150 Guests,5,42,Bradford House is a classic southern home with seven acres for all-inclusive weddings.
Vinewood Stables,"Newnan, GA",Not specified,201-250 Guests,4.9,90,Vinewood Stables is a historic homestead with a farmhouse perfect for rustic weddings.
Lillian Gardens,"Newnan, GA","Starting at $4,500",151-200 Guests,5,38,Lillian Gardens is a full-service venue with a mansion and gardens for unique events.
Koury Farms Weddings & Events,"Auburn, GA","Starting at $4,500",151-200 Guests,5,112,Koury Farms is a rustic venue offering detailed planning for countryside weddings.
The Engine Room,"Monroe, GA",Not specified,300+ Guests,4.9,32,The Engine Room offers historical elegance with modern convenience in downtown Monroe.
Lanier Islands Weddings,"Buford, GA",Not specified,300+ Guests,4.7,170,Lanier Islands provides breathtaking backdrops and world-class amenities for weddings.
In The Woods,"Rockmart, GA",Not specified,201-250 Guests,5,23,In The Woods is a state-of-the-art venue on a secluded property with rustic charm.
Cherokee County Conference Center @ The Bluffs,"Canton, GA","Starting at $4,300",251-300 Guests,5,3,"Cherokee County Conference Center offers 8,000 sq ft of configurable space for events."
Four Oaks Manor,"Buford, GA","Starting at $3,000",101-150 Guests,4.7,50,Four Oaks Manor is a historic farmhouse for intimate weddings in North Georgia.
The Venue at Stillwater Pond,"Temple, GA",Not specified,151-200 Guests,0,0,The Venue at Stillwater Pond is a picturesque property with forestry and green pastures.
Fendley Farmstead LLC,"Canton, GA",Not specified,151-200 Guests,5,114,Fendley Farmstead is a historic farm with expansive pastures for scenic weddings.
Mystic Acres Barn,"Griffin, GA",Not specified,251-300 Guests,0,0,Mystic Acres Barn is a beautiful venue on a family farm with rustic charm.
The Georgia Club,"Statham, GA","Starting at $8,850",251-300 Guests,4.8,5,"The Georgia Club offers an outdoor garden, indoor ceremony space, and customizable reception venues."
"The Venue at Sharp Mountain, LLC","Jasper, GA","Starting at $22,275",251-300 Guests,5,59,"The Venue at Sharp Mountain, LLC is a wedding and events venue located in Jasper, GA."
Sage Cottage,"Adairsville, GA","Starting at $3,500",151-200 Guests,4.9,10,Where Cozy Cottage Charm Meets Timeless Elegance.
The Willows Farm,"Marble Hill, GA",,201-250 Guests,5,99,"Located in Marble Hill, GA, The Willows Farm is a country event venue that hosts weddings and other special occasions."
Beautiful Beginnings Farm,"Newborn, GA","Starting at $2,000",101-150 Guests,4.9,139,Hello everyone. We are pleased to introduce ourselves to you.
Barn South,"Talmo, GA","Starting at $4,500",201-250 Guests,5,11,Welcome to Barn South. We think you'll feel at home here.
The Tate House,"Tate, GA","Starting at $17,500",201-250 Guests,5,34,"The Tate House is a historic wedding venue situated in Tate, GA."
Hightower Falls,"Cedartown, GA",,251-300 Guests,4.9,93,Always dreamed of a waterfall wedding?
"Thompson House & Gardens, 9 Oaks Farm, & 2425 Warehouse",Ga,,151-200 Guests,4.9,67,"We offer three beautiful venues: The Thompson House and Gardens which is a stunning vintage Victorian home built in 1888 in Bogart, Georgia."
Autumn Oaks of Winder,"Winder, GA","Starting at $3,000",101-150 Guests,5,2,"In the heart of Winder, GA, sits a charming wedding venue, perfect for hosting your celebration."
Gaither's at Myrtle Creek Farm,"Covington, GA",,151-200 Guests,5,3,"Located in the rolling hills of Covington, GA, in Southern Newton County sits Gaither's at Myrtle Creek Farm, a historic setting for weddings and other special events."
Magnolia Creek Farms,"Adairsville, GA","Starting at $15,000",300+ Guests,5,6,"Located in Adairsville, GA, Magnolia Creek Farms is a countryside setting ideal for weddings and special occasions."
Spring Lake Events,"Rockmart, GA",,151-200 Guests,5,20,The calm waters of our beautiful lake and the wispy willow trees framed in cattails will take your breath away at Spring Lake.
Swan Lake Overlook,"Dawsonville, GA","Starting at $7,900",251-300 Guests,5,12,"Nestled in the countryside of Dawsonville, GA, Swan Lake Overlook is a modern and elegant wedding venue."
Juliette Chapel,"Dahlonega, GA","Starting at $2,000",51-100 Guests,5,36,"Juliette Chapel & Events in Dahlonega, GA is a wedding venue ideal for intimate affairs."
2400 On The River,"Ranger, GA","Starting at $11,400",151-200 Guests,4.9,35,"2400 On The River is a rustic riverfront wedding venue located near Calhoun, GA."
The Chapel Athens,"Athens, GA","Starting at $3,000",251-300 Guests,5,17,"Situated in Athens, GA, The Chapel Athens is a pristine downtown estate for weddings, engagements, and anniversaries."
The Sixty Two,"Atlanta, GA",,151-200 Guests,5,2,"The Sixty Two is a unique wedding venue in Atlanta, GA, that sets the stage for the celebration of a lifetime."
1051 Baxter,"Athens, GA",,251-300 Guests,5,1,"1051 Baxter is a brand new events facility in the heart of Athens, GA."
Georgian Hall,"Athens, GA","Starting at $10,400",201-250 Guests,5,104,"The Georgian Hall is a wedding venue nestled in Athens, GA."
Ivy & Oak,"Talking Rock, GA","Starting at $7,500",151-200 Guests,5,35,A breath taking venue nestled in the North Georgia mountains!
Summit Farm Weddings,"Ellijay, GA","Starting at $6,750",101-150 Guests,5,116,"Up in the serene Blue Ridge Mountains of Ellijay, GA, sits Summit Farm Weddings, an enchanting countryside event venue with a panoramic view of the Appalachian Mountains."
The Venue on Broad,"Athens, GA","Starting at $2,900",201-250 Guests,5,4,"The Venue on Broad, nestled in the heart of Athens, GA, offers an unparalleled setting for your wedding day."
Strawberry Roan Farm's Barn,"Dahlonega, GA","Starting at $2,800",101-150 Guests,5,1,"Strawberry Roan Farm's Barn is a stunning and unique wedding venue located in Dahlonega, GA."
255 Milledge | Hardeman-Sams Estate,"Athens, GA",,151-200 Guests,4.9,121,"About 255 Milledge, Hardeman-Sams Estate At 255 Milledge, we believe that life’s greatest moments deserve nothing less than extraordinary celebrations."
27 on Park,"Dahlonega, GA",,51-100 Guests,5,3,"27 on Park is a boutique hotel and wedding venue located in downtown Dahlonega, GA."
Taylor Estate,"Rome, GA",,,5,2,"The Lodge at Taylor Estate is a newly-built, elegant venue that can accommodate up to 350 guests."
Ott Vineyards and Winery,"Ellijay, GA",,,0,0,"Located in Ellijay, GA, Ott Vineyards and Winery is a family-owned-and-operated venue for weddings and other special events."
The Falls at Blue Ridge,"Ellijay, GA","Starting at $40,000",251-300 Guests,5,3,"Nestled on 700 acres in the Blue Ridge Mountains of Georgia, The Falls at Blue Ridge is a stunning wedding and event venue that offers breathtaking views, gorgeous indoor and outdoor spaces, rustic-lu."
Cloverleaf Farm,"Arnoldsville, GA",,300+ Guests,4.9,72,"Cloverleaf Farm is a stunning wedding venue set amidst a 30-acre farm just outside of Athens in Arnoldsville, GA."
CeNita Venue at CeNita Vineyards & Winery,"Cleveland, GA","Starting at $3,500",151-200 Guests,5,73,"CeNita Venue at CeNita Vineyards is a wedding venue in the foothills of the Northeast Georgia Mountains in Cleveland, GA."
South Elm Events,"Commerce GA, Athens GA","$3,500",101-150 Guests,5,3,"Imagine your dream wedding: a breathtaking ceremony bathed in sunlight, an elegant reception filled with laughter, and a weekend of celebration surrounded by natural beauty."
Yonah Mountain Vineyards,"Cleveland, GA","$12,000",201-250 Guests,5,54,"A charming, sprawling wedding venue offering a wealth of indoor and outdoor event spaces for a classically romantic wedding."
Grant Hill Farms,"Commerce, GA","$3,500",201-250 Guests,5,70,"Nestled among 88 acres of peaceful farmland, perfect for weddings and special events with a hands-on approach."
The Farm at Ashley Ridge,"Cleveland, GA",Not specified,151-200 Guests,5,12,A serene countryside wedding venue immersed in natural beauty with multiple event spaces.
McEachin Farm,"Athens, Northeast GA, Hartwell, Commerce","$2,000",101-150 Guests,5,2,A stunning wedding venue that sets the stage for the celebration of a lifetime with unforgettable memories.
Enotah Valley Event Center,"Blairsville, GA","$6,800",51-100 Guests,5,5,A rustic setting for weddings with a welcoming atmosphere from owners married for over 30 years.
Butler Hall Events,"Gray, GA",Not specified,201-250 Guests,5,1,A historic wedding venue with a unique blend of modern and rustic charm after being restored from a car garage.
Overlook 55,"Young Harris, GA","$34,000",151-200 Guests,5,7,A captivating wedding venue blending rustic charm with timeless elegance in picturesque landscapes.
Walnut Hill Farm,"Dalton, GA","$4,500",300+ Guests,4.8,16,"Offers classic Southern elegance with majestic mountain views, gardens, and a landscaped pond."
Brasstown Valley Resort & Spa,"Young Harris, GA","$10,000",151-200 Guests,4.9,79,"A comprehensive wedding venue with mountain views, golf courses, spas, and horseback riding."
The Barn at Young Harris,"Young Harris, GA","$6,000",151-200 Guests,5,42,A dream setting with panoramic views of Brasstown Bald Mountain and Scottish Highland Cows.
Currahee Club,"Toccoa, GA","$15,000",101-150 Guests,5,10,Offers serene lake and mountain views with a blend of sophistication and rustic charm.
Lake Rabun Hotel & Restaurant,"Lakemont, GA","$6,000",101-150 Guests,5,2,"Features two covered decks, a wood-burning fireplace, and a cozy indoor gas fireplace."
The Estate at Stone Creek,"Macon, GA","$1,795",201-250 Guests,4.8,5,"A historic venue with over 100 acres of landscape and a 2,900 sq. ft. event space."
Rustic Vows,"Mineral Bluff, GA",Not specified,51-100 Guests,5,1,An idyllic barn-style setting for bespoke wedding events in a natural setting.
The Ridges Resort on Lake Chatuge,"Hiawassee, GA",Not specified,201-250 Guests,4.8,47,A lakeside resort surrounded by Blue Ridge mountains with a grand ballroom.
Bend of The River,"Hiawassee, GA",Not specified,300+ Guests,0,0,A tranquil venue on Lake Chatuge with a 100-foot waterfall.
Meadows at Mossy Creek,"Cleveland, GA","$6,400",251-300 Guests,5,39,A stylish and contemporary venue with indoor and outdoor spaces.
Hawkesdene,"Andrews, NC",Not specified,101-150 Guests,5,58,A private mountain estate offering a luxurious setting for weddings.
The Dogwood Barn at G5Ranch,"Milledgeville, GA","$4,900",300+ Guests,5,16,"A premier wedding venue on 600 acres, ideal for rustic, romantic events."
Windsong Willows,"Hayesville, NC","$6,200",101-150 Guests,5,3,A charming venue designed for authentic nature-based wedding experiences.
Skull Shoals Park,"Washington, GA","$2,500",300+ Guests,0,0,"A 68-acre outdoor venue surrounded by nature, ideal for couples wanting a natural setting."
Cloudland at McLemore Resort,"Rising Fawn, GA","$30,000",251-300 Guests,4.2,6,"A magical escape at 2,300 feet above sea level with breathtaking views."
Tryphena's Garden,"Fort Valley, GA",$600,151-200 Guests,4.9,18,"A fairytale-like venue near Atlanta and Macon, providing convenience and comfort."
Forest Hill Park,"Perry, GA",$700,51-100 Guests,4.9,21,"Features a 1920's white wedding chapel, a red train car, and a covered bridge."
Kingsland Farm,"Hawkinsville, GA","$1,250",151-200 Guests,5,1,A picturesque and reclusive venue surrounded by rural beauty.
Southern Fox Winery,"Lincolnton, GA",Not specified,51-100 Guests,0,0,An intimate wedding venue with an indoor-outdoor setting.
The Icehouse Dublin,"Dublin, GA","$2,500",300+ Guests,0,0,"A unique, historic warehouse blending Southern style with urban flair."
The Partridge Inn,"Augusta, GA","$5,000",101-150 Guests,3.7,3,"An elegant, timelessly beautiful setting for milestone celebrations."
Padgett's Farm,"Waynesboro, GA",Not specified,251-300 Guests,5,1,A gorgeous setting on 610 acres for country weddings.
Augusta Marriott Hotel & Suites,"Augusta, GA",Not specified,300+ Guests,4.3,6,Meticulously redesigned with the guest experience in mind.
Quinney Oaks Plantation,"Millen, GA",Not specified,300+ Guests,4.8,18,A wedding venue that can make every occasion feel special.
Rumbling Bald on Lake Lure,"Lake Lure, NC",Not specified,300+ Guests,4.4,46,Premier wedding destination with picturesque lake and mountain views.
